timestamp_utc,timestamp_local,team_member,plug_id,plug_alias,plug_model,appliance,session_id,mode,sample_interval_sec,power_w,voltage_v,current_a,energy_today_kwh,energy_this_month_kwh,energy_total_kwh,state,rssi,signal_level,notes
2026-06-10T09:30:11.223143+00:00,2026-06-10 15:00:11,Alaina,plug_4,NW_P4_Alaina,P110,table_fan,S007,speed_1,5.0,0.0,243.185,0.0,0.0,0.055,,on,-18,,"table fan speed 1, connected through adapter plug, second 15 min recording"
2026-06-10T09:30:16.495314+00:00,2026-06-10 15:00:16,Alaina,plug_4,NW_P4_Alaina,P110,table_fan,S007,speed_1,5.0,0.0,243.185,0.0,0.0,0.055,,on,-17,,"table fan speed 1, connected through adapter plug, second 15 min recording"
2026-06-10T09:30:21.773183+00:00,2026-06-10 15:00:21,Alaina,plug_4,NW_P4_Alaina,P110,table_fan,S007,speed_1,5.0,0.0,243.185,0.0,0.0,0.055,,on,-19,,"table fan speed 1, connected through adapter plug, second 15 min recording"
2026-06-10T09:30:27.039747+00:00,2026-06-10 15:00:27,Alaina,plug_4,NW_P4_Alaina,P110,table_fan,S007,speed_1,5.0,0.0,243.137,0.0,0.0,0.055,,on,-17,,"table fan speed 1, connected through adapter plug, second 15 min recording"
2026-06-10T09:30:32.312406+00:00,2026-06-10 15:00:32,Alaina,plug_4,NW_P4_Alaina,P110,table_fan,S007,speed_1,5.0,0.0,243.137,0.0,0.0,0.055,,on,-18,,"table fan speed 1, connected through adapter plug, second 15 min recording"
2026-06-10T09:30:37.574311+00:00,2026-06-10 15:00:37,Alaina,plug_4,NW_P4_Alaina,P110,table_fan,S007,speed_1,5.0,142.459,243.137,0.587,0.0,0.055,,on,-19,,"table fan speed 1, connected through adapter plug, second 15 min recording"
2026-06-10T09:30:42.852631+00:00,2026-06-10 15:00:42,Alaina,plug_4,NW_P4_Alaina,P110,table_fan,S007,speed_1,5.0,119.314,241.562,0.501,0.0,0.056,,on,-17,,"table fan speed 1, connected through adapter plug, second 15 min recording"
2026-06-10T09:30:48.191479+00:00,2026-06-10 15:00:48,Alaina,plug_4,NW_P4_Alaina,P110,table_fan,S007,speed_1,5.0,119.727,241.739,0.503,0.0,0.056,,on,-16,,"table fan speed 1, connected through adapter plug, second 15 min recording"
2026-06-10T09:30:53.465847+00:00,2026-06-10 15:00:53,Alaina,plug_4,NW_P4_Alaina,P110,table_fan,S007,speed_1,5.0,118.298,241.482,0.502,0.001,0.056,,on,-19,,"table fan speed 1, connected through adapter plug, second 15 min recording"
2026-06-10T09:30:58.725324+00:00,2026-06-10 15:00:58,Alaina,plug_4,NW_P4_Alaina,P110,table_fan,S007,speed_1,5.0,118.227,241.681,0.498,0.001,0.056,,on,-16,,"table fan speed 1, connected through adapter plug, second 15 min recording"
2026-06-10T09:31:04.006664+00:00,2026-06-10 15:01:04,Alaina,plug_4,NW_P4_Alaina,P110,table_fan,S007,speed_1,5.0,118.847,241.697,0.5,0.001,0.056,,on,-18,,"table fan speed 1, connected through adapter plug, second 15 min recording"
2026-06-10T09:31:09.274028+00:00,2026-06-10 15:01:09,Alaina,plug_4,NW_P4_Alaina,P110,table_fan,S007,speed_1,5.0,116.915,242.497,0.495,0.001,0.056,,on,-15,,"table fan speed 1, connected through adapter plug, second 15 min recording"
2026-06-10T09:31:14.556736+00:00,2026-06-10 15:01:14,Alaina,plug_4,NW_P4_Alaina,P110,table_fan,S007,speed_1,5.0,117.656,242.101,0.494,0.001,0.057,,on,-14,,"table fan speed 1, connected through adapter plug, second 15 min recording"
2026-06-10T09:31:19.827800+00:00,2026-06-10 15:01:19,Alaina,plug_4,NW_P4_Alaina,P110,table_fan,S007,speed_1,5.0,116.719,241.966,0.49,0.001,0.057,,on,-19,,"table fan speed 1, connected through adapter plug, second 15 min recording"
2026-06-10T09:31:25.117856+00:00,2026-06-10 15:01:25,Alaina,plug_4,NW_P4_Alaina,P110,table_fan,S007,speed_1,5.0,118.297,242.459,0.496,0.002,0.057,,on,-17,,"table fan speed 1, connected through adapter plug, second 15 min recording"
2026-06-10T09:31:30.402176+00:00,2026-06-10 15:01:30,Alaina,plug_4,NW_P4_Alaina,P110,table_fan,S007,speed_1,5.0,118.948,242.363,0.496,0.002,0.057,,on,-17,,"table fan speed 1, connected through adapter plug, second 15 min recording"
2026-06-10T09:31:35.669628+00:00,2026-06-10 15:01:35,Alaina,plug_4,NW_P4_Alaina,P110,table_fan,S007,speed_1,5.0,116.982,242.836,0.491,0.002,0.057,,on,-17,,"table fan speed 1, connected through adapter plug, second 15 min recording"
2026-06-10T09:31:40.946730+00:00,2026-06-10 15:01:40,Alaina,plug_4,NW_P4_Alaina,P110,table_fan,S007,speed_1,5.0,117.489,242.569,0.493,0.002,0.058,,on,-19,,"table fan speed 1, connected through adapter plug, second 15 min recording"
2026-06-10T09:31:46.232685+00:00,2026-06-10 15:01:46,Alaina,plug_4,NW_P4_Alaina,P110,table_fan,S007,speed_1,5.0,117.472,242.746,0.493,0.002,0.058,,on,-20,,"table fan speed 1, connected through adapter plug, second 15 min recording"
2026-06-10T09:31:51.501099+00:00,2026-06-10 15:01:51,Alaina,plug_4,NW_P4_Alaina,P110,table_fan,S007,speed_1,5.0,118.491,243.186,0.495,0.003,0.058,,on,-16,,"table fan speed 1, connected through adapter plug, second 15 min recording"
2026-06-10T09:31:56.769003+00:00,2026-06-10 15:01:56,Alaina,plug_4,NW_P4_Alaina,P110,table_fan,S007,speed_1,5.0,118.817,242.788,0.496,0.003,0.058,,on,-18,,"table fan speed 1, connected through adapter plug, second 15 min recording"
2026-06-10T09:32:02.036396+00:00,2026-06-10 15:02:02,Alaina,plug_4,NW_P4_Alaina,P110,table_fan,S007,speed_1,5.0,115.723,242.629,0.486,0.003,0.058,,on,-17,,"table fan speed 1, connected through adapter plug, second 15 min recording"
2026-06-10T09:32:07.300811+00:00,2026-06-10 15:02:07,Alaina,plug_4,NW_P4_Alaina,P110,table_fan,S007,speed_1,5.0,117.813,243.419,0.494,0.003,0.058,,on,-18,,"table fan speed 1, connected through adapter plug, second 15 min recording"
2026-06-10T09:32:12.563863+00:00,2026-06-10 15:02:12,Alaina,plug_4,NW_P4_Alaina,P110,table_fan,S007,speed_1,5.0,116.795,242.529,0.493,0.003,0.059,,on,-18,,"table fan speed 1, connected through adapter plug, second 15 min recording"
2026-06-10T09:32:17.825928+00:00,2026-06-10 15:02:17,Alaina,plug_4,NW_P4_Alaina,P110,table_fan,S007,speed_1,5.0,117.103,243.025,0.492,0.003,0.059,,on,-17,,"table fan speed 1, connected through adapter plug, second 15 min recording"
2026-06-10T09:32:23.101922+00:00,2026-06-10 15:02:23,Alaina,plug_4,NW_P4_Alaina,P110,table_fan,S007,speed_1,5.0,118.006,243.008,0.494,0.004,0.059,,on,-17,,"table fan speed 1, connected through adapter plug, second 15 min recording"
2026-06-10T09:32:28.422385+00:00,2026-06-10 15:02:28,Alaina,plug_4,NW_P4_Alaina,P110,table_fan,S007,speed_1,5.0,117.848,243.409,0.493,0.004,0.059,,on,-17,,"table fan speed 1, connected through adapter plug, second 15 min recording"
2026-06-10T09:32:33.671581+00:00,2026-06-10 15:02:33,Alaina,plug_4,NW_P4_Alaina,P110,table_fan,S007,speed_1,5.0,117.22,242.974,0.49,0.004,0.059,,on,-16,,"table fan speed 1, connected through adapter plug, second 15 min recording"
2026-06-10T09:32:39.001859+00:00,2026-06-10 15:02:39,Alaina,plug_4,NW_P4_Alaina,P110,table_fan,S007,speed_1,5.0,116.63,243.009,0.493,0.004,0.059,,on,-17,,"table fan speed 1, connected through adapter plug, second 15 min recording"
2026-06-10T09:32:44.318533+00:00,2026-06-10 15:02:44,Alaina,plug_4,NW_P4_Alaina,P110,table_fan,S007,speed_1,5.0,117.147,243.732,0.49,0.004,0.06,,on,-17,,"table fan speed 1, connected through adapter plug, second 15 min recording"
2026-06-10T09:32:49.640640+00:00,2026-06-10 15:02:49,Alaina,plug_4,NW_P4_Alaina,P110,table_fan,S007,speed_1,5.0,117.396,243.022,0.492,0.004,0.06,,on,-17,,"table fan speed 1, connected through adapter plug, second 15 min recording"
2026-06-10T09:32:54.917178+00:00,2026-06-10 15:02:54,Alaina,plug_4,NW_P4_Alaina,P110,table_fan,S007,speed_1,5.0,116.617,243.016,0.489,0.005,0.06,,on,-16,,"table fan speed 1, connected through adapter plug, second 15 min recording"
2026-06-10T09:33:00.199974+00:00,2026-06-10 15:03:00,Alaina,plug_4,NW_P4_Alaina,P110,table_fan,S007,speed_1,5.0,117.32,243.496,0.49,0.005,0.06,,on,-19,,"table fan speed 1, connected through adapter plug, second 15 min recording"
2026-06-10T09:33:05.544146+00:00,2026-06-10 15:03:05,Alaina,plug_4,NW_P4_Alaina,P110,table_fan,S007,speed_1,5.0,116.19,243.081,0.487,0.005,0.06,,on,-17,,"table fan speed 1, connected through adapter plug, second 15 min recording"
2026-06-10T09:33:10.820175+00:00,2026-06-10 15:03:10,Alaina,plug_4,NW_P4_Alaina,P110,table_fan,S007,speed_1,5.0,116.414,243.13,0.488,0.005,0.06,,on,-17,,"table fan speed 1, connected through adapter plug, second 15 min recording"
2026-06-10T09:33:16.079495+00:00,2026-06-10 15:03:16,Alaina,plug_4,NW_P4_Alaina,P110,table_fan,S007,speed_1,5.0,116.706,243.234,0.488,0.005,0.061,,on,-18,,"table fan speed 1, connected through adapter plug, second 15 min recording"
2026-06-10T09:33:21.423276+00:00,2026-06-10 15:03:21,Alaina,plug_4,NW_P4_Alaina,P110,table_fan,S007,speed_1,5.0,116.541,243.641,0.488,0.005,0.061,,on,-17,,"table fan speed 1, connected through adapter plug, second 15 min recording"
2026-06-10T09:33:26.685611+00:00,2026-06-10 15:03:26,Alaina,plug_4,NW_P4_Alaina,P110,table_fan,S007,speed_1,5.0,116.847,243.426,0.49,0.006,0.061,,on,-17,,"table fan speed 1, connected through adapter plug, second 15 min recording"
2026-06-10T09:33:32.020019+00:00,2026-06-10 15:03:32,Alaina,plug_4,NW_P4_Alaina,P110,table_fan,S007,speed_1,5.0,115.082,243.271,0.483,0.006,0.061,,on,-17,,"table fan speed 1, connected through adapter plug, second 15 min recording"
2026-06-10T09:33:37.287532+00:00,2026-06-10 15:03:37,Alaina,plug_4,NW_P4_Alaina,P110,table_fan,S007,speed_1,5.0,116.211,243.746,0.487,0.006,0.061,,on,-19,,"table fan speed 1, connected through adapter plug, second 15 min recording"
2026-06-10T09:33:42.665415+00:00,2026-06-10 15:03:42,Alaina,plug_4,NW_P4_Alaina,P110,table_fan,S007,speed_1,5.0,116.004,242.804,0.488,0.006,0.061,,on,-19,,"table fan speed 1, connected through adapter plug, second 15 min recording"
2026-06-10T09:33:47.950624+00:00,2026-06-10 15:03:47,Alaina,plug_4,NW_P4_Alaina,P110,table_fan,S007,speed_1,5.0,115.298,242.812,0.487,0.006,0.062,,on,-17,,"table fan speed 1, connected through adapter plug, second 15 min recording"
2026-06-10T09:33:53.233541+00:00,2026-06-10 15:03:53,Alaina,plug_4,NW_P4_Alaina,P110,table_fan,S007,speed_1,5.0,116.365,243.296,0.488,0.006,0.062,,on,-19,,"table fan speed 1, connected through adapter plug, second 15 min recording"
2026-06-10T09:33:58.512217+00:00,2026-06-10 15:03:58,Alaina,plug_4,NW_P4_Alaina,P110,table_fan,S007,speed_1,5.0,115.794,242.617,0.487,0.007,0.062,,on,-17,,"table fan speed 1, connected through adapter plug, second 15 min recording"
2026-06-10T09:34:03.788739+00:00,2026-06-10 15:04:03,Alaina,plug_4,NW_P4_Alaina,P110,table_fan,S007,speed_1,5.0,115.612,242.628,0.484,0.007,0.062,,on,-17,,"table fan speed 1, connected through adapter plug, second 15 min recording"
2026-06-10T09:34:09.066140+00:00,2026-06-10 15:04:09,Alaina,plug_4,NW_P4_Alaina,P110,table_fan,S007,speed_1,5.0,114.702,243.555,0.484,0.007,0.062,,on,-17,,"table fan speed 1, connected through adapter plug, second 15 min recording"
2026-06-10T09:34:14.333560+00:00,2026-06-10 15:04:14,Alaina,plug_4,NW_P4_Alaina,P110,table_fan,S007,speed_1,5.0,115.069,243.211,0.484,0.007,0.062,,on,-17,,"table fan speed 1, connected through adapter plug, second 15 min recording"
2026-06-10T09:34:19.608756+00:00,2026-06-10 15:04:19,Alaina,plug_4,NW_P4_Alaina,P110,table_fan,S007,speed_1,5.0,115.497,242.292,0.486,0.007,0.063,,on,-17,,"table fan speed 1, connected through adapter plug, second 15 min recording"
2026-06-10T09:34:24.890338+00:00,2026-06-10 15:04:24,Alaina,plug_4,NW_P4_Alaina,P110,table_fan,S007,speed_1,5.0,114.887,242.362,0.481,0.007,0.063,,on,-17,,"table fan speed 1, connected through adapter plug, second 15 min recording"
2026-06-10T09:34:30.167151+00:00,2026-06-10 15:04:30,Alaina,plug_4,NW_P4_Alaina,P110,table_fan,S007,speed_1,5.0,115.474,243.249,0.485,0.008,0.063,,on,-19,,"table fan speed 1, connected through adapter plug, second 15 min recording"
2026-06-10T09:34:35.440289+00:00,2026-06-10 15:04:35,Alaina,plug_4,NW_P4_Alaina,P110,table_fan,S007,speed_1,5.0,114.272,241.911,0.482,0.008,0.063,,on,-17,,"table fan speed 1, connected through adapter plug, second 15 min recording"
2026-06-10T09:34:40.724909+00:00,2026-06-10 15:04:40,Alaina,plug_4,NW_P4_Alaina,P110,table_fan,S007,speed_1,5.0,114.436,242.638,0.482,0.008,0.063,,on,-20,,"table fan speed 1, connected through adapter plug, second 15 min recording"
2026-06-10T09:34:46.005398+00:00,2026-06-10 15:04:46,Alaina,plug_4,NW_P4_Alaina,P110,table_fan,S007,speed_1,5.0,115.626,243.484,0.482,0.008,0.064,,on,-17,,"table fan speed 1, connected through adapter plug, second 15 min recording"
2026-06-10T09:34:51.288357+00:00,2026-06-10 15:04:51,Alaina,plug_4,NW_P4_Alaina,P110,table_fan,S007,speed_1,5.0,114.601,242.725,0.483,0.008,0.064,,on,-17,,"table fan speed 1, connected through adapter plug, second 15 min recording"
2026-06-10T09:34:56.555835+00:00,2026-06-10 15:04:56,Alaina,plug_4,NW_P4_Alaina,P110,table_fan,S007,speed_1,5.0,114.837,242.696,0.483,0.008,0.064,,on,-17,,"table fan speed 1, connected through adapter plug, second 15 min recording"
2026-06-10T09:35:01.830416+00:00,2026-06-10 15:05:01,Alaina,plug_4,NW_P4_Alaina,P110,table_fan,S007,speed_1,5.0,115.612,242.737,0.485,0.009,0.064,,on,-17,,"table fan speed 1, connected through adapter plug, second 15 min recording"
2026-06-10T09:35:07.098175+00:00,2026-06-10 15:05:07,Alaina,plug_4,NW_P4_Alaina,P110,table_fan,S007,speed_1,5.0,114.643,243.285,0.483,0.009,0.064,,on,-19,,"table fan speed 1, connected through adapter plug, second 15 min recording"
2026-06-10T09:35:12.369959+00:00,2026-06-10 15:05:12,Alaina,plug_4,NW_P4_Alaina,P110,table_fan,S007,speed_1,5.0,113.825,242.644,0.482,0.009,0.064,,on,-19,,"table fan speed 1, connected through adapter plug, second 15 min recording"
2026-06-10T09:35:17.653442+00:00,2026-06-10 15:05:17,Alaina,plug_4,NW_P4_Alaina,P110,table_fan,S007,speed_1,5.0,114.615,243.173,0.482,0.009,0.065,,on,-17,,"table fan speed 1, connected through adapter plug, second 15 min recording"
2026-06-10T09:35:22.931176+00:00,2026-06-10 15:05:22,Alaina,plug_4,NW_P4_Alaina,P110,table_fan,S007,speed_1,5.0,114.874,243.03,0.483,0.009,0.065,,on,-19,,"table fan speed 1, connected through adapter plug, second 15 min recording"
2026-06-10T09:35:28.215942+00:00,2026-06-10 15:05:28,Alaina,plug_4,NW_P4_Alaina,P110,table_fan,S007,speed_1,5.0,114.183,242.223,0.482,0.01,0.065,,on,-17,,"table fan speed 1, connected through adapter plug, second 15 min recording"
2026-06-10T09:35:33.494301+00:00,2026-06-10 15:05:33,Alaina,plug_4,NW_P4_Alaina,P110,table_fan,S007,speed_1,5.0,113.264,242.317,0.479,0.01,0.065,,on,-18,,"table fan speed 1, connected through adapter plug, second 15 min recording"
2026-06-10T09:35:38.867111+00:00,2026-06-10 15:05:38,Alaina,plug_4,NW_P4_Alaina,P110,table_fan,S007,speed_1,5.0,113.755,243.251,0.48,0.01,0.065,,on,-18,,"table fan speed 1, connected through adapter plug, second 15 min recording"
2026-06-10T09:35:44.152722+00:00,2026-06-10 15:05:44,Alaina,plug_4,NW_P4_Alaina,P110,table_fan,S007,speed_1,5.0,113.494,242.482,0.479,0.01,0.065,,on,-17,,"table fan speed 1, connected through adapter plug, second 15 min recording"
2026-06-10T09:35:49.433740+00:00,2026-06-10 15:05:49,Alaina,plug_4,NW_P4_Alaina,P110,table_fan,S007,speed_1,5.0,113.217,242.422,0.478,0.01,0.066,,on,-17,,"table fan speed 1, connected through adapter plug, second 15 min recording"
2026-06-10T09:35:54.695538+00:00,2026-06-10 15:05:54,Alaina,plug_4,NW_P4_Alaina,P110,table_fan,S007,speed_1,5.0,114.083,243.288,0.479,0.01,0.066,,on,-17,,"table fan speed 1, connected through adapter plug, second 15 min recording"
2026-06-10T09:35:59.963235+00:00,2026-06-10 15:05:59,Alaina,plug_4,NW_P4_Alaina,P110,table_fan,S007,speed_1,5.0,113.147,242.174,0.479,0.011,0.066,,on,-16,,"table fan speed 1, connected through adapter plug, second 15 min recording"
2026-06-10T09:36:05.306918+00:00,2026-06-10 15:06:05,Alaina,plug_4,NW_P4_Alaina,P110,table_fan,S007,speed_1,5.0,112.879,242.237,0.477,0.011,0.066,,on,-16,,"table fan speed 1, connected through adapter plug, second 15 min recording"
2026-06-10T09:36:10.564008+00:00,2026-06-10 15:06:10,Alaina,plug_4,NW_P4_Alaina,P110,table_fan,S007,speed_1,5.0,113.473,242.208,0.478,0.011,0.066,,on,-17,,"table fan speed 1, connected through adapter plug, second 15 min recording"
2026-06-10T09:36:15.837661+00:00,2026-06-10 15:06:15,Alaina,plug_4,NW_P4_Alaina,P110,table_fan,S007,speed_1,5.0,113.929,243.287,0.48,0.011,0.066,,on,-17,,"table fan speed 1, connected through adapter plug, second 15 min recording"
2026-06-10T09:36:21.104360+00:00,2026-06-10 15:06:21,Alaina,plug_4,NW_P4_Alaina,P110,table_fan,S007,speed_1,5.0,112.408,241.538,0.477,0.011,0.067,,on,-17,,"table fan speed 1, connected through adapter plug, second 15 min recording"
2026-06-10T09:36:26.370363+00:00,2026-06-10 15:06:26,Alaina,plug_4,NW_P4_Alaina,P110,table_fan,S007,speed_1,5.0,110.645,238.877,0.474,0.011,0.067,,on,-17,,"table fan speed 1, connected through adapter plug, second 15 min recording"
2026-06-10T09:36:31.639523+00:00,2026-06-10 15:06:31,Alaina,plug_4,NW_P4_Alaina,P110,table_fan,S007,speed_1,5.0,111.126,239.698,0.475,0.011,0.067,,on,-17,,"table fan speed 1, connected through adapter plug, second 15 min recording"
2026-06-10T09:36:36.897687+00:00,2026-06-10 15:06:36,Alaina,plug_4,NW_P4_Alaina,P110,table_fan,S007,speed_1,5.0,110.776,239.422,0.474,0.012,0.067,,on,-17,,"table fan speed 1, connected through adapter plug, second 15 min recording"
2026-06-10T09:36:42.174915+00:00,2026-06-10 15:06:42,Alaina,plug_4,NW_P4_Alaina,P110,table_fan,S007,speed_1,5.0,110.391,239.412,0.474,0.012,0.067,,on,-17,,"table fan speed 1, connected through adapter plug, second 15 min recording"
2026-06-10T09:36:47.446483+00:00,2026-06-10 15:06:47,Alaina,plug_4,NW_P4_Alaina,P110,table_fan,S007,speed_1,5.0,111.374,239.736,0.475,0.012,0.067,,on,-17,,"table fan speed 1, connected through adapter plug, second 15 min recording"
2026-06-10T09:36:52.750371+00:00,2026-06-10 15:06:52,Alaina,plug_4,NW_P4_Alaina,P110,table_fan,S007,speed_1,5.0,110.735,239.769,0.473,0.012,0.067,,on,-17,,"table fan speed 1, connected through adapter plug, second 15 min recording"
2026-06-10T09:36:58.017340+00:00,2026-06-10 15:06:58,Alaina,plug_4,NW_P4_Alaina,P110,table_fan,S007,speed_1,5.0,110.933,239.698,0.475,0.012,0.068,,on,-17,,"table fan speed 1, connected through adapter plug, second 15 min recording"
2026-06-10T09:37:03.292821+00:00,2026-06-10 15:07:03,Alaina,plug_4,NW_P4_Alaina,P110,table_fan,S007,speed_1,5.0,111.525,239.989,0.475,0.012,0.068,,on,-17,,"table fan speed 1, connected through adapter plug, second 15 min recording"
2026-06-10T09:37:08.611416+00:00,2026-06-10 15:07:08,Alaina,plug_4,NW_P4_Alaina,P110,table_fan,S007,speed_1,5.0,111.082,239.957,0.474,0.013,0.068,,on,-17,,"table fan speed 1, connected through adapter plug, second 15 min recording"
2026-06-10T09:37:13.880635+00:00,2026-06-10 15:07:13,Alaina,plug_4,NW_P4_Alaina,P110,table_fan,S007,speed_1,5.0,110.798,239.539,0.474,0.013,0.068,,on,-17,,"table fan speed 1, connected through adapter plug, second 15 min recording"
2026-06-10T09:37:19.144286+00:00,2026-06-10 15:07:19,Alaina,plug_4,NW_P4_Alaina,P110,table_fan,S007,speed_1,5.0,110.632,239.532,0.473,0.013,0.068,,on,-17,,"table fan speed 1, connected through adapter plug, second 15 min recording"
2026-06-10T09:37:24.420283+00:00,2026-06-10 15:07:24,Alaina,plug_4,NW_P4_Alaina,P110,table_fan,S007,speed_1,5.0,111.182,240.319,0.473,0.013,0.068,,on,-17,,"table fan speed 1, connected through adapter plug, second 15 min recording"
2026-06-10T09:37:29.678390+00:00,2026-06-10 15:07:29,Alaina,plug_4,NW_P4_Alaina,P110,table_fan,S007,speed_1,5.0,110.376,239.582,0.472,0.013,0.069,,on,-17,,"table fan speed 1, connected through adapter plug, second 15 min recording"
2026-06-10T09:37:34.959021+00:00,2026-06-10 15:07:34,Alaina,plug_4,NW_P4_Alaina,P110,table_fan,S007,speed_1,5.0,110.588,239.463,0.473,0.013,0.069,,on,-16,,"table fan speed 1, connected through adapter plug, second 15 min recording"
2026-06-10T09:37:40.233033+00:00,2026-06-10 15:07:40,Alaina,plug_4,NW_P4_Alaina,P110,table_fan,S007,speed_1,5.0,111.345,240.781,0.474,0.014,0.069,,on,-17,,"table fan speed 1, connected through adapter plug, second 15 min recording"
2026-06-10T09:37:45.498577+00:00,2026-06-10 15:07:45,Alaina,plug_4,NW_P4_Alaina,P110,table_fan,S007,speed_1,5.0,110.425,239.853,0.473,0.014,0.069,,on,-17,,"table fan speed 1, connected through adapter plug, second 15 min recording"
2026-06-10T09:37:50.775473+00:00,2026-06-10 15:07:50,Alaina,plug_4,NW_P4_Alaina,P110,table_fan,S007,speed_1,5.0,110.644,239.982,0.473,0.014,0.069,,on,-17,,"table fan speed 1, connected through adapter plug, second 15 min recording"
2026-06-10T09:37:56.052129+00:00,2026-06-10 15:07:56,Alaina,plug_4,NW_P4_Alaina,P110,table_fan,S007,speed_1,5.0,111.367,240.006,0.474,0.014,0.069,,on,-17,,"table fan speed 1, connected through adapter plug, second 15 min recording"
2026-06-10T09:38:01.332149+00:00,2026-06-10 15:08:01,Alaina,plug_4,NW_P4_Alaina,P110,table_fan,S007,speed_1,5.0,111.156,240.88,0.473,0.014,0.07,,on,-17,,"table fan speed 1, connected through adapter plug, second 15 min recording"
2026-06-10T09:38:06.639730+00:00,2026-06-10 15:08:06,Alaina,plug_4,NW_P4_Alaina,P110,table_fan,S007,speed_1,5.0,111.419,240.548,0.473,0.014,0.07,,on,-17,,"table fan speed 1, connected through adapter plug, second 15 min recording"
2026-06-10T09:38:11.916445+00:00,2026-06-10 15:08:11,Alaina,plug_4,NW_P4_Alaina,P110,table_fan,S007,speed_1,5.0,111.171,240.384,0.474,0.015,0.07,,on,-17,,"table fan speed 1, connected through adapter plug, second 15 min recording"
2026-06-10T09:38:17.191100+00:00,2026-06-10 15:08:17,Alaina,plug_4,NW_P4_Alaina,P110,table_fan,S007,speed_1,5.0,110.85,240.937,0.472,0.015,0.07,,on,-17,,"table fan speed 1, connected through adapter plug, second 15 min recording"
2026-06-10T09:38:22.482781+00:00,2026-06-10 15:08:22,Alaina,plug_4,NW_P4_Alaina,P110,table_fan,S007,speed_1,5.0,110.728,240.604,0.473,0.015,0.07,,on,-17,,"table fan speed 1, connected through adapter plug, second 15 min recording"
2026-06-10T09:38:27.760391+00:00,2026-06-10 15:08:27,Alaina,plug_4,NW_P4_Alaina,P110,table_fan,S007,speed_1,5.0,110.702,240.746,0.472,0.015,0.07,,on,-17,,"table fan speed 1, connected through adapter plug, second 15 min recording"
2026-06-10T09:38:33.011150+00:00,2026-06-10 15:08:33,Alaina,plug_4,NW_P4_Alaina,P110,table_fan,S007,speed_1,5.0,111.302,241.449,0.473,0.015,0.071,,on,-16,,"table fan speed 1, connected through adapter plug, second 15 min recording"
2026-06-10T09:38:38.284735+00:00,2026-06-10 15:08:38,Alaina,plug_4,NW_P4_Alaina,P110,table_fan,S007,speed_1,5.0,110.78,241.175,0.472,0.015,0.071,,on,-17,,"table fan speed 1, connected through adapter plug, second 15 min recording"
2026-06-10T09:38:43.572797+00:00,2026-06-10 15:08:43,Alaina,plug_4,NW_P4_Alaina,P110,table_fan,S007,speed_1,5.0,110.258,240.725,0.47,0.016,0.071,,on,-17,,"table fan speed 1, connected through adapter plug, second 15 min recording"
2026-06-10T09:38:48.847958+00:00,2026-06-10 15:08:48,Alaina,plug_4,NW_P4_Alaina,P110,table_fan,S007,speed_1,5.0,110.389,240.581,0.471,0.016,0.071,,on,-17,,"table fan speed 1, connected through adapter plug, second 15 min recording"
2026-06-10T09:38:54.112724+00:00,2026-06-10 15:08:54,Alaina,plug_4,NW_P4_Alaina,P110,table_fan,S007,speed_1,5.0,110.287,240.752,0.47,0.016,0.071,,on,-16,,"table fan speed 1, connected through adapter plug, second 15 min recording"
2026-06-10T09:38:59.386052+00:00,2026-06-10 15:08:59,Alaina,plug_4,NW_P4_Alaina,P110,table_fan,S007,speed_1,5.0,110.075,240.394,0.47,0.016,0.071,,on,-17,,"table fan speed 1, connected through adapter plug, second 15 min recording"
2026-06-10T09:39:04.660565+00:00,2026-06-10 15:09:04,Alaina,plug_4,NW_P4_Alaina,P110,table_fan,S007,speed_1,5.0,110.027,240.309,0.47,0.016,0.072,,on,-17,,"table fan speed 1, connected through adapter plug, second 15 min recording"
2026-06-10T09:39:09.946562+00:00,2026-06-10 15:09:09,Alaina,plug_4,NW_P4_Alaina,P110,table_fan,S007,speed_1,5.0,110.437,240.871,0.47,0.016,0.072,,on,-17,,"table fan speed 1, connected through adapter plug, second 15 min recording"
2026-06-10T09:39:15.220791+00:00,2026-06-10 15:09:15,Alaina,plug_4,NW_P4_Alaina,P110,table_fan,S007,speed_1,5.0,110.278,240.326,0.47,0.017,0.072,,on,-17,,"table fan speed 1, connected through adapter plug, second 15 min recording"
2026-06-10T09:39:20.497502+00:00,2026-06-10 15:09:20,Alaina,plug_4,NW_P4_Alaina,P110,table_fan,S007,speed_1,5.0,109.902,240.362,0.47,0.017,0.072,,on,-16,,"table fan speed 1, connected through adapter plug, second 15 min recording"
2026-06-10T09:39:25.776442+00:00,2026-06-10 15:09:25,Alaina,plug_4,NW_P4_Alaina,P110,table_fan,S007,speed_1,5.0,109.823,240.894,0.469,0.017,0.072,,on,-17,,"table fan speed 1, connected through adapter plug, second 15 min recording"
2026-06-10T09:39:31.065618+00:00,2026-06-10 15:09:31,Alaina,plug_4,NW_P4_Alaina,P110,table_fan,S007,speed_1,5.0,109.601,240.091,0.47,0.017,0.072,,on,-16,,"table fan speed 1, connected through adapter plug, second 15 min recording"
2026-06-10T09:39:36.373882+00:00,2026-06-10 15:09:36,Alaina,plug_4,NW_P4_Alaina,P110,table_fan,S007,speed_1,5.0,110.241,240.099,0.471,0.017,0.073,,on,-17,,"table fan speed 1, connected through adapter plug, second 15 min recording"
2026-06-10T09:39:41.637945+00:00,2026-06-10 15:09:41,Alaina,plug_4,NW_P4_Alaina,P110,table_fan,S007,speed_1,5.0,110.446,240.267,0.471,0.017,0.073,,on,-17,,"table fan speed 1, connected through adapter plug, second 15 min recording"
2026-06-10T09:39:46.919616+00:00,2026-06-10 15:09:46,Alaina,plug_4,NW_P4_Alaina,P110,table_fan,S007,speed_1,5.0,110.018,240.716,0.47,0.017,0.073,,on,-17,,"table fan speed 1, connected through adapter plug, second 15 min recording"
2026-06-10T09:39:52.238592+00:00,2026-06-10 15:09:52,Alaina,plug_4,NW_P4_Alaina,P110,table_fan,S007,speed_1,5.0,109.942,240.463,0.47,0.018,0.073,,on,-16,,"table fan speed 1, connected through adapter plug, second 15 min recording"
2026-06-10T09:39:57.523892+00:00,2026-06-10 15:09:57,Alaina,plug_4,NW_P4_Alaina,P110,table_fan,S007,speed_1,5.0,109.849,240.26,0.47,0.018,0.073,,on,-16,,"table fan speed 1, connected through adapter plug, second 15 min recording"
2026-06-10T09:40:02.785954+00:00,2026-06-10 15:10:02,Alaina,plug_4,NW_P4_Alaina,P110,table_fan,S007,speed_1,5.0,110.083,240.744,0.469,0.018,0.073,,on,-17,,"table fan speed 1, connected through adapter plug, second 15 min recording"
2026-06-10T09:40:08.069022+00:00,2026-06-10 15:10:08,Alaina,plug_4,NW_P4_Alaina,P110,table_fan,S007,speed_1,5.0,109.624,240.416,0.469,0.018,0.073,,on,-17,,"table fan speed 1, connected through adapter plug, second 15 min recording"
2026-06-10T09:40:13.351940+00:00,2026-06-10 15:10:13,Alaina,plug_4,NW_P4_Alaina,P110,table_fan,S007,speed_1,5.0,109.961,240.17,0.47,0.018,0.074,,on,-17,,"table fan speed 1, connected through adapter plug, second 15 min recording"
2026-06-10T09:40:18.621375+00:00,2026-06-10 15:10:18,Alaina,plug_4,NW_P4_Alaina,P110,table_fan,S007,speed_1,5.0,110.276,240.88,0.471,0.018,0.074,,on,-17,,"table fan speed 1, connected through adapter plug, second 15 min recording"
2026-06-10T09:40:23.896272+00:00,2026-06-10 15:10:23,Alaina,plug_4,NW_P4_Alaina,P110,table_fan,S007,speed_1,5.0,109.449,240.588,0.468,0.019,0.074,,on,-17,,"table fan speed 1, connected through adapter plug, second 15 min recording"
2026-06-10T09:40:29.179321+00:00,2026-06-10 15:10:29,Alaina,plug_4,NW_P4_Alaina,P110,table_fan,S007,speed_1,5.0,109.655,240.259,0.469,0.019,0.074,,on,-17,,"table fan speed 1, connected through adapter plug, second 15 min recording"
2026-06-10T09:40:34.581866+00:00,2026-06-10 15:10:34,Alaina,plug_4,NW_P4_Alaina,P110,table_fan,S007,speed_1,5.0,109.771,240.29,0.469,0.019,0.074,,on,-17,,"table fan speed 1, connected through adapter plug, second 15 min recording"
2026-06-10T09:40:39.868511+00:00,2026-06-10 15:10:39,Alaina,plug_4,NW_P4_Alaina,P110,table_fan,S007,speed_1,5.0,109.536,240.198,0.47,0.019,0.074,,on,-17,,"table fan speed 1, connected through adapter plug, second 15 min recording"
2026-06-10T09:40:45.144970+00:00,2026-06-10 15:10:45,Alaina,plug_4,NW_P4_Alaina,P110,table_fan,S007,speed_1,5.0,109.209,240.022,0.467,0.019,0.075,,on,-17,,"table fan speed 1, connected through adapter plug, second 15 min recording"
2026-06-10T09:40:50.424673+00:00,2026-06-10 15:10:50,Alaina,plug_4,NW_P4_Alaina,P110,table_fan,S007,speed_1,5.0,109.685,240.203,0.469,0.019,0.075,,on,-17,,"table fan speed 1, connected through adapter plug, second 15 min recording"
2026-06-10T09:40:55.709818+00:00,2026-06-10 15:10:55,Alaina,plug_4,NW_P4_Alaina,P110,table_fan,S007,speed_1,5.0,109.609,240.52,0.467,0.02,0.075,,on,-16,,"table fan speed 1, connected through adapter plug, second 15 min recording"
2026-06-10T09:41:00.980112+00:00,2026-06-10 15:11:00,Alaina,plug_4,NW_P4_Alaina,P110,table_fan,S007,speed_1,5.0,109.598,240.288,0.468,0.02,0.075,,on,-17,,"table fan speed 1, connected through adapter plug, second 15 min recording"
2026-06-10T09:41:06.246354+00:00,2026-06-10 15:11:06,Alaina,plug_4,NW_P4_Alaina,P110,table_fan,S007,speed_1,5.0,109.369,240.268,0.468,0.02,0.075,,on,-16,,"table fan speed 1, connected through adapter plug, second 15 min recording"
2026-06-10T09:41:11.511640+00:00,2026-06-10 15:11:11,Alaina,plug_4,NW_P4_Alaina,P110,table_fan,S007,speed_1,5.0,109.224,240.788,0.467,0.02,0.075,,on,-16,,"table fan speed 1, connected through adapter plug, second 15 min recording"
2026-06-10T09:41:16.798990+00:00,2026-06-10 15:11:16,Alaina,plug_4,NW_P4_Alaina,P110,table_fan,S007,speed_1,5.0,106.325,236.429,0.463,0.02,0.076,,on,-17,,"table fan speed 1, connected through adapter plug, second 15 min recording"
2026-06-10T09:41:22.078425+00:00,2026-06-10 15:11:22,Alaina,plug_4,NW_P4_Alaina,P110,table_fan,S007,speed_1,5.0,106.305,235.734,0.463,0.02,0.076,,on,-17,,"table fan speed 1, connected through adapter plug, second 15 min recording"
2026-06-10T09:41:27.355025+00:00,2026-06-10 15:11:27,Alaina,plug_4,NW_P4_Alaina,P110,table_fan,S007,speed_1,5.0,105.811,235.927,0.462,0.021,0.076,,on,-17,,"table fan speed 1, connected through adapter plug, second 15 min recording"
2026-06-10T09:41:32.617825+00:00,2026-06-10 15:11:32,Alaina,plug_4,NW_P4_Alaina,P110,table_fan,S007,speed_1,5.0,106.354,235.997,0.463,0.021,0.076,,on,-17,,"table fan speed 1, connected through adapter plug, second 15 min recording"
2026-06-10T09:41:37.892689+00:00,2026-06-10 15:11:37,Alaina,plug_4,NW_P4_Alaina,P110,table_fan,S007,speed_1,5.0,106.368,235.652,0.464,0.021,0.076,,on,-17,,"table fan speed 1, connected through adapter plug, second 15 min recording"
2026-06-10T09:41:43.172664+00:00,2026-06-10 15:11:43,Alaina,plug_4,NW_P4_Alaina,P110,table_fan,S007,speed_1,5.0,106.115,235.492,0.464,0.021,0.076,,on,-17,,"table fan speed 1, connected through adapter plug, second 15 min recording"
2026-06-10T09:41:48.509029+00:00,2026-06-10 15:11:48,Alaina,plug_4,NW_P4_Alaina,P110,table_fan,S007,speed_1,5.0,106.296,235.89,0.462,0.021,0.077,,on,-17,,"table fan speed 1, connected through adapter plug, second 15 min recording"
2026-06-10T09:41:53.788008+00:00,2026-06-10 15:11:53,Alaina,plug_4,NW_P4_Alaina,P110,table_fan,S007,speed_1,5.0,105.77,235.384,0.462,0.021,0.077,,on,-17,,"table fan speed 1, connected through adapter plug, second 15 min recording"
2026-06-10T09:41:59.074240+00:00,2026-06-10 15:11:59,Alaina,plug_4,NW_P4_Alaina,P110,table_fan,S007,speed_1,5.0,105.839,235.151,0.462,0.021,0.077,,on,-16,,"table fan speed 1, connected through adapter plug, second 15 min recording"
2026-06-10T09:42:04.490248+00:00,2026-06-10 15:12:04,Alaina,plug_4,NW_P4_Alaina,P110,table_fan,S007,speed_1,5.0,106.11,235.681,0.464,0.022,0.077,,on,-17,,"table fan speed 1, connected through adapter plug, second 15 min recording"
2026-06-10T09:42:09.767676+00:00,2026-06-10 15:12:09,Alaina,plug_4,NW_P4_Alaina,P110,table_fan,S007,speed_1,5.0,107.914,238.122,0.464,0.022,0.077,,on,-17,,"table fan speed 1, connected through adapter plug, second 15 min recording"
2026-06-10T09:42:15.051237+00:00,2026-06-10 15:12:15,Alaina,plug_4,NW_P4_Alaina,P110,table_fan,S007,speed_1,5.0,107.655,238.312,0.464,0.022,0.077,,on,-17,,"table fan speed 1, connected through adapter plug, second 15 min recording"
2026-06-10T09:42:20.316478+00:00,2026-06-10 15:12:20,Alaina,plug_4,NW_P4_Alaina,P110,table_fan,S007,speed_1,5.0,107.939,238.665,0.465,0.022,0.077,,on,-17,,"table fan speed 1, connected through adapter plug, second 15 min recording"
2026-06-10T09:42:25.596052+00:00,2026-06-10 15:12:25,Alaina,plug_4,NW_P4_Alaina,P110,table_fan,S007,speed_1,5.0,107.841,238.523,0.465,0.022,0.078,,on,-17,,"table fan speed 1, connected through adapter plug, second 15 min recording"
2026-06-10T09:42:30.860142+00:00,2026-06-10 15:12:30,Alaina,plug_4,NW_P4_Alaina,P110,table_fan,S007,speed_1,5.0,107.733,238.388,0.464,0.022,0.078,,on,-16,,"table fan speed 1, connected through adapter plug, second 15 min recording"
2026-06-10T09:42:36.139324+00:00,2026-06-10 15:12:36,Alaina,plug_4,NW_P4_Alaina,P110,table_fan,S007,speed_1,5.0,107.894,238.349,0.465,0.023,0.078,,on,-17,,"table fan speed 1, connected through adapter plug, second 15 min recording"
2026-06-10T09:42:41.426001+00:00,2026-06-10 15:12:41,Alaina,plug_4,NW_P4_Alaina,P110,table_fan,S007,speed_1,5.0,108.19,238.892,0.465,0.023,0.078,,on,-16,,"table fan speed 1, connected through adapter plug, second 15 min recording"
2026-06-10T09:42:46.706575+00:00,2026-06-10 15:12:46,Alaina,plug_4,NW_P4_Alaina,P110,table_fan,S007,speed_1,5.0,107.426,238.232,0.463,0.023,0.078,,on,-17,,"table fan speed 1, connected through adapter plug, second 15 min recording"
2026-06-10T09:42:51.997139+00:00,2026-06-10 15:12:51,Alaina,plug_4,NW_P4_Alaina,P110,table_fan,S007,speed_1,5.0,107.98,238.44,0.465,0.023,0.078,,on,-17,,"table fan speed 1, connected through adapter plug, second 15 min recording"
2026-06-10T09:42:57.265347+00:00,2026-06-10 15:12:57,Alaina,plug_4,NW_P4_Alaina,P110,table_fan,S007,speed_1,5.0,107.784,239.148,0.464,0.023,0.079,,on,-17,,"table fan speed 1, connected through adapter plug, second 15 min recording"
2026-06-10T09:43:02.530104+00:00,2026-06-10 15:13:02,Alaina,plug_4,NW_P4_Alaina,P110,table_fan,S007,speed_1,5.0,107.528,238.529,0.463,0.023,0.079,,on,-16,,"table fan speed 1, connected through adapter plug, second 15 min recording"
2026-06-10T09:43:07.817408+00:00,2026-06-10 15:13:07,Alaina,plug_4,NW_P4_Alaina,P110,table_fan,S007,speed_1,5.0,107.682,238.367,0.463,0.024,0.079,,on,-16,,"table fan speed 1, connected through adapter plug, second 15 min recording"
2026-06-10T09:43:13.108215+00:00,2026-06-10 15:13:13,Alaina,plug_4,NW_P4_Alaina,P110,table_fan,S007,speed_1,5.0,108.179,238.868,0.466,0.024,0.079,,on,-17,,"table fan speed 1, connected through adapter plug, second 15 min recording"
2026-06-10T09:43:18.385756+00:00,2026-06-10 15:13:18,Alaina,plug_4,NW_P4_Alaina,P110,table_fan,S007,speed_1,5.0,107.402,238.687,0.463,0.024,0.079,,on,-17,,"table fan speed 1, connected through adapter plug, second 15 min recording"
2026-06-10T09:43:23.662958+00:00,2026-06-10 15:13:23,Alaina,plug_4,NW_P4_Alaina,P110,table_fan,S007,speed_1,5.0,111.193,243.557,0.469,0.024,0.079,,on,-17,,"table fan speed 1, connected through adapter plug, second 15 min recording"
2026-06-10T09:43:28.968587+00:00,2026-06-10 15:13:28,Alaina,plug_4,NW_P4_Alaina,P110,table_fan,S007,speed_1,5.0,111.377,243.568,0.471,0.024,0.08,,on,-17,,"table fan speed 1, connected through adapter plug, second 15 min recording"
2026-06-10T09:43:34.243193+00:00,2026-06-10 15:13:34,Alaina,plug_4,NW_P4_Alaina,P110,table_fan,S007,speed_1,5.0,111.384,243.941,0.469,0.024,0.08,,on,-16,,"table fan speed 1, connected through adapter plug, second 15 min recording"
2026-06-10T09:43:39.513356+00:00,2026-06-10 15:13:39,Alaina,plug_4,NW_P4_Alaina,P110,table_fan,S007,speed_1,5.0,111.084,244.335,0.468,0.024,0.08,,on,-17,,"table fan speed 1, connected through adapter plug, second 15 min recording"
2026-06-10T09:43:44.800043+00:00,2026-06-10 15:13:44,Alaina,plug_4,NW_P4_Alaina,P110,table_fan,S007,speed_1,5.0,111.657,244.625,0.469,0.025,0.08,,on,-17,,"table fan speed 1, connected through adapter plug, second 15 min recording"
2026-06-10T09:43:50.062279+00:00,2026-06-10 15:13:50,Alaina,plug_4,NW_P4_Alaina,P110,table_fan,S007,speed_1,5.0,112.112,244.775,0.471,0.025,0.08,,on,-16,,"table fan speed 1, connected through adapter plug, second 15 min recording"
2026-06-10T09:43:55.340944+00:00,2026-06-10 15:13:55,Alaina,plug_4,NW_P4_Alaina,P110,table_fan,S007,speed_1,5.0,111.932,244.963,0.469,0.025,0.08,,on,-17,,"table fan speed 1, connected through adapter plug, second 15 min recording"
2026-06-10T09:44:00.619892+00:00,2026-06-10 15:14:00,Alaina,plug_4,NW_P4_Alaina,P110,table_fan,S007,speed_1,5.0,112.46,244.818,0.471,0.025,0.081,,on,-17,,"table fan speed 1, connected through adapter plug, second 15 min recording"
2026-06-10T09:44:05.897145+00:00,2026-06-10 15:14:05,Alaina,plug_4,NW_P4_Alaina,P110,table_fan,S007,speed_1,5.0,112.313,244.905,0.472,0.025,0.081,,on,-17,,"table fan speed 1, connected through adapter plug, second 15 min recording"
2026-06-10T09:44:11.173240+00:00,2026-06-10 15:14:11,Alaina,plug_4,NW_P4_Alaina,P110,table_fan,S007,speed_1,5.0,112.309,244.72,0.471,0.025,0.081,,on,-17,,"table fan speed 1, connected through adapter plug, second 15 min recording"
2026-06-10T09:44:16.453170+00:00,2026-06-10 15:14:16,Alaina,plug_4,NW_P4_Alaina,P110,table_fan,S007,speed_1,5.0,112.224,244.685,0.472,0.026,0.081,,on,-17,,"table fan speed 1, connected through adapter plug, second 15 min recording"
2026-06-10T09:44:21.752039+00:00,2026-06-10 15:14:21,Alaina,plug_4,NW_P4_Alaina,P110,table_fan,S007,speed_1,5.0,111.966,244.474,0.471,0.026,0.081,,on,-16,,"table fan speed 1, connected through adapter plug, second 15 min recording"
2026-06-10T09:44:27.030499+00:00,2026-06-10 15:14:27,Alaina,plug_4,NW_P4_Alaina,P110,table_fan,S007,speed_1,5.0,111.381,243.979,0.0,0.026,0.081,,on,-17,,"table fan speed 1, connected through adapter plug, second 15 min recording"
2026-06-10T09:44:32.311996+00:00,2026-06-10 15:14:32,Alaina,plug_4,NW_P4_Alaina,P110,table_fan,S007,speed_1,5.0,0.0,245.208,0.0,0.026,0.081,,on,-17,,"table fan speed 1, connected through adapter plug, second 15 min recording"
2026-06-10T09:44:37.596800+00:00,2026-06-10 15:14:37,Alaina,plug_4,NW_P4_Alaina,P110,table_fan,S007,speed_1,5.0,0.0,245.208,0.0,0.026,0.081,,on,-18,,"table fan speed 1, connected through adapter plug, second 15 min recording"
2026-06-10T09:44:42.862810+00:00,2026-06-10 15:14:42,Alaina,plug_4,NW_P4_Alaina,P110,table_fan,S007,speed_1,5.0,0.0,244.92,0.0,0.026,0.081,,on,-17,,"table fan speed 1, connected through adapter plug, second 15 min recording"
2026-06-10T09:44:48.159053+00:00,2026-06-10 15:14:48,Alaina,plug_4,NW_P4_Alaina,P110,table_fan,S007,speed_1,5.0,0.0,244.92,0.0,0.026,0.081,,on,-18,,"table fan speed 1, connected through adapter plug, second 15 min recording"
2026-06-10T09:44:53.437465+00:00,2026-06-10 15:14:53,Alaina,plug_4,NW_P4_Alaina,P110,table_fan,S007,speed_1,5.0,0.0,244.92,0.0,0.026,0.081,,on,-17,,"table fan speed 1, connected through adapter plug, second 15 min recording"
2026-06-10T09:44:58.724768+00:00,2026-06-10 15:14:58,Alaina,plug_4,NW_P4_Alaina,P110,table_fan,S007,speed_1,5.0,0.0,245.125,0.0,0.026,0.081,,on,-17,,"table fan speed 1, connected through adapter plug, second 15 min recording"
